Cherry Blossoms,Tweet Text,URL
Cherry Blossoms,The cherry blossoms peak bloom is set for early May https://t.co/3Bc5DQqedU #HighPark https://t.co/jfknV7Qe3X,http://ow.ly/94ZA30aM8Od
Cherry Blossoms,"RT @KoreanTravel: Take a walk to Seokchon Lake before the cherry blossoms are gone!(https://t.co/MsNIvAIoSD)
Video courtesy of Instagram@mjâ€¦",http://bit.ly/2oMlR1S
Cherry Blossoms,"ã“ã®å‰ãŠèŠ±è¦‹ã—ã¦ããŸğŸŒ¸

#ãŠèŠ±è¦‹ #ã‚µã‚¯ãƒ©#ã•ãã‚‰ #æ¡œ #Cherry Blossoms#å¤œæ¡œ #ğŸŒ¸ 
#ã‚­ãƒ¬ã‚¤ #ã¾ã„ã‹ https://t.co/WuLjjLYEi6",https://www.instagram.com/p/BTAJ0w4BlQs/
Cherry Blossoms,Cherry Blossoms aren't the only gorgeous #flowers here! #Kyoto #Japan #travel #nature #photography https://t.co/uDXQe55hnM,https://www.instagram.com/p/BTAJrBBloWW/
Cherry Blossoms,"RT @visitstockholm: Cherry blossoms in KungstrÃ¤dgÃ¥rden, Stockholm ğŸ’—ğŸŒ¸ https://t.co/hHDiGv0lOu",
Cherry Blossoms,"Well here's your obligatory ""omg Cherry Blossoms"" photo from me. It's just so beautiful!!!!â€¦ https://t.co/70thZ405Th",https://www.instagram.com/p/BTAJgynlmjY/
Cherry Blossoms,RT @FashionweekNYC: Beautiful Cherry Blossoms on Easter Sunday ğŸ£ğŸ£ğŸ£ https://t.co/ESEQ7c85E0,
Cherry Blossoms,Beautiful cherry blossoms at @fredhutch - thanks @sttrcancer for the lovely photo! https://t.co/ZvpPzRS92l,https://twitter.com/sttrcancer/status/854071714354941952
Cherry Blossoms,RT @animejunki71: They're here!!! My cherry blossoms have started to bloom!! Doing hapoy dance!!! https://t.co/CGJRUB0TgJ,
Cherry Blossoms,"RT @666kai: â™š é»’åŸ·äº‹ äº¬ã¾ãµ â™š

Photographerï¼š@sir_craggy æ§˜
Cielï¼šKAI

Cherry BlossomsğŸŒ¸

 #blackbutler #é»’åŸ·äº‹ #è™å±±å¼åƒæœ¬æ¡œ https://t.co/uJBd8Qwvt8",
Cherry Blossoms,RT @Gardener_John: Happy Easter folks. I'm enjoying these voluptuous cherry blossoms ğŸ˜ https://t.co/uv0WAeIz03,
Cherry Blossoms,"W-well, I'm not exactly denying Love Letter of the Brilliance of Cherry Blossoms is about you... don't look at me like that.",
Cherry Blossoms,"RT @TraverseCity: There are several ways to enjoy the millions of cherry blossoms blooming in Traverse City, MI. Click to learn more! httpsâ€¦",
Cherry Blossoms,"[MV] HIGH4, IU(í•˜ì´í¬, ì•„ì´ìœ ) _ Not Spring, Love, or Cherry Blossoms(ë´„,ì‚¬ë‘,ë²šê½ƒ ë§ê³ ) https://t.co/lHAHZAvI1f",https://www.youtube.com/watch?v=ouR4nn1G9r4&feature=share
Cherry Blossoms,"Cherry blossoms bloom
Falls softly on the green ground
Adorns the empty park
#NationalHaikuPoetryDay #GianniShamari #IWriteHaikuPoems",
Cherry Blossoms,"RT @CTvisit: The Cherry Blossoms are peaking at New Haven's famous Wooster Square! Don't miss the festival this Sunday, April 23: https://tâ€¦",
Cherry Blossoms,RT @NYBG: Daffodils and cherry blossoms are both at 80% of the way to peak bloomâ€”donâ€™t miss the opportunity to catch them this week! https:â€¦,
Cherry Blossoms,"RT @kapetanie_trava: Gorgeous Cherry Blossoms in Kyoto, Japan. https://t.co/1FMemst91e",
Cherry Blossoms,Cherry blossoms are so pretty but just thinking about them makes me sneeze,
Cherry Blossoms,"@NiseiLounge @oldstylebeer floating in a puddle 
alongside an empty old style can
cherry blossoms",
Cherry Blossoms,RT @AestheticsJapan: Falling Cherry Blossoms https://t.co/oaUIEClpMY,
Cherry Blossoms,"RT @Real_James_Hogg: @amateursuman @brian_bilston A haikuing bard from Honshu
Tried writing a limerick too
  But after two lines
  His sensâ€¦",
Cherry Blossoms,RT @NYBG: Daffodils and cherry blossoms are both at 80% of the way to peak bloomâ€”donâ€™t miss the opportunity to catch them this week! https:â€¦,
Cherry Blossoms,They're here!!! My cherry blossoms have started to bloom!! Doing hapoy dance!!! https://t.co/CGJRUB0TgJ,
Cherry Blossoms,"From right to left: I read blossoms on my quince bush, White blossoms on the cherry tree, white and pink blossoms oâ€¦ https://t.co/FOoAnJwuk8",https://twitter.com/i/web/status/854087486523535360
Cherry Blossoms,"If you don't have a picture of cherry blossoms, do you even have an Instagram account?! ğŸ˜‚ğŸŒ¸",
Cherry Blossoms,"RT @RiotQuickshot: Cherry blossoms are in bloom on Bornholmer Str. In Berlin! 
https://t.co/SvWDMV3i3f https://t.co/fRxQidnOFj",https://www.instagram.com/p/BS_7MqUgaX2/
Cherry Blossoms,RT @goodhousemag: Feast your eyes on Japan's beautiful cherry blossoms. https://t.co/BeOOvxv2Yf,
Cherry Blossoms,RT @AlbrightCollege: Those cherry blossoms! ğŸŒ¸ https://t.co/Q0hhKq9BwU,
Cherry Blossoms,@bangarangeorge @jarkrenshaw don't even put them in the same sentence as cherry blossoms George,
Cherry Blossoms,RT @starryskysehun: loves art &amp; cherry blossoms ğŸŒ¸ğŸ’–#singlegays #bitwitter https://t.co/Wm157LeBYw,
Cherry Blossoms,@jarkrenshaw @faviator Crust punks are the cherry blossoms of filth,
Cherry Blossoms,"SAKURA Cherry Blossoms Yanaka-reien Cemetery,Tokyo è°·ä¸­éœŠåœ’ã®æ¡œ
#sakura #JPN #æ¡œ #cherryblossoms #share #æ—¥æœ¬ #japan #è°·ä¸­
https://t.co/3oILzxUHNh",https://youtu.be/BXVeyOLEYXE
Cherry Blossoms,"RT @sungyeohn: ""when the cherry blossoms fade, can our love be as hot as the summer ?""
â€” #CaratSelcaDay; #17CaratSelcaDay ~ ğŸŒ¸ https://t.co/â€¦",
Cherry Blossoms,RT @jikookaesthetic: jimin aesthetic (cherry blossoms ver) https://t.co/CcelpwdMGS,
Cherry Blossoms,"@DashieXP, where in Japan did you go? That place with the temples and cherry blossoms was beautiful af!",
Cherry Blossoms,"RT @TraverseCity: There are several ways to enjoy the millions of cherry blossoms blooming in Traverse City, MI. Click to learn more! httpsâ€¦",
Cherry Blossoms,I liked a @YouTube video https://t.co/gKYkj9dfbK #CAC Wreck This Journal: Speed Painting Cherry blossoms #CACFloweArt,http://youtu.be/WZ-g9KSEmQw?a
Cherry Blossoms,RT @dominicserrao: Cherry #blossoms | #nj | #NikonNoFilter https://t.co/FEmt4RxIcK,
Cherry Blossoms,"RT @torarelaxtime: @FlowerSree This picture is cherry blossoms in my townğŸŒ¸
Thank you too my friendğŸ˜ŠğŸµ https://t.co/vXkdVUlIs2",
Cherry Blossoms,"Cherry blossoms with the kids are the best. These people are my favorite, in one of my favoriteâ€¦ https://t.co/nmk54zT9fj",https://www.instagram.com/p/BTAG_p4DWLw/
Cherry Blossoms,Cherry blossoms are almost ready atHigh Park https://t.co/YrQgtzJbad,
Cherry Blossoms,cherry blossoms are fading..,
Cherry Blossoms,"RT @lauratravel: Mt Fuji seen through the Cherry Blossoms at Arakura Sengen Shrine, Japan by Â©capkaieda https://t.co/EXAyflCWdG",
Cherry Blossoms,RT @AlbrightCollege: Those cherry blossoms! ğŸŒ¸ https://t.co/Q0hhKq9BwU,
Cherry Blossoms,"-Out Like a Lion-

Cherry blossoms spilled,
strewn over asphalt and grass:
Storm-wet confetti.

#NationalHaikuPoetryDay",
Cherry Blossoms,"RT @kapetanie_trava: Gorgeous Cherry Blossoms in Kyoto, Japan. https://t.co/1FMemst91e",
Cherry Blossoms,RT @sttrcancer: Cherry blossoms are blooming at @fredhutch and STTR wants to share this beautiful petal heart with all of you! Beat that #Mâ€¦,
Cherry Blossoms,"""hey, wouldnt mind holding ur hands on spring w/ cherry blossoms falling for us.""",
Cherry Blossoms,"RT @ladyteenintl: Cherry blossoms bloom,
softly falling from the tree,
stan PristinğŸ˜š
  #NationalHaikuPoetryDay https://t.co/Arg0x3JwTe",
Cherry Blossoms,"RT @yvr_jadine: ""I want cherry blossoms, Love"". ğŸ˜ https://t.co/zucCYYZgQm",
Cherry Blossoms,RT @iIoveflowers: cherry blossoms https://t.co/Dl2pSTtCN4,
Cherry Blossoms,Fond memories of reading this one a lifetime ago. Cherry blossoms and all  #NationalHaikuPoetryDay https://t.co/YpwcvdsLjG,
Cherry Blossoms,"April Showers....well you know the rest! Even on a cloudy day, the Cherry Blossoms of Branch Brook park look amazinâ€¦ https://t.co/VyP1ejb1yc",https://twitter.com/i/web/status/854084549101453313
Cherry Blossoms,Those cherry blossoms! ğŸŒ¸ https://t.co/Q0hhKq9BwU,
Cherry Blossoms,"RT @Real_James_Hogg: @amateursuman @brian_bilston A haikuing bard from Honshu
Tried writing a limerick too
  But after two lines
  His sensâ€¦",
Cherry Blossoms,Make the Earth Smile with Loving Cherry Blossoms #sakura #worldpeace #pink #flower #cherryblossom,
Cherry Blossoms,I liked a @YouTube video https://t.co/3mwZpLMunI How to Draw Cherry Blossoms,http://youtu.be/NVZR8W768ww?a
Cherry Blossoms,"@meikahidenori Cherry blossoms nearby have almost finished because of the rain and storm last night. Meanwhile, we'â€¦ https://t.co/mFn1zl9CJ5",https://twitter.com/i/web/status/854084140798431233
Cherry Blossoms,RT @FIowerPics: cherry blossoms https://t.co/36oNQ7NK1E,
Cherry Blossoms,RT @DondaRex5: Girl what is Potomac food? Cherry blossoms? ğŸ¤”#RHOP,
Cherry Blossoms,This is what you would call going all in for cherry blossoms. https://t.co/gqQCOxDjdE,
Cherry Blossoms,@kirari_hinazuki Lovely cherry blossoms and the prettiest princess ğŸ˜ğŸ˜ğŸ˜ğŸ˜˜ğŸ˜˜ğŸ˜˜,
Cherry Blossoms,RT @NYBG: Daffodils and cherry blossoms are both at 80% of the way to peak bloomâ€”donâ€™t miss the opportunity to catch them this week! https:â€¦,
Cherry Blossoms,"RT @cherrysoda_1127: 170417 MISS THIS KISS ì‡¼ì¼€ì´ìŠ¤
#ë¼ë¶ #LABOUM #ìœ¨í¬ #Yulhee

cherry soda ë§ê³  cherry blossoms ê°™ì€ ì‚¬ëŒğŸ’® https://t.co/5zd4c1JMFr",
Cherry Blossoms,RT @AestheticsJapan: Falling Cherry Blossoms https://t.co/oaUIEClpMY,
Cherry Blossoms,"RT @ladyteenintl: Cherry blossoms bloom,
softly falling from the tree,
stan PristinğŸ˜š
  #NationalHaikuPoetryDay https://t.co/Arg0x3JwTe",
Cherry Blossoms,RT @IroquoisNewYork: Cherry blossoms on Park Ave #spring #cherryblossom #tulips #NewYork #nyc #picoftheday by Terrence A https://t.co/iTxXRâ€¦,
Cherry Blossoms,"RT @ladyteenintl: Cherry blossoms bloom,
softly falling from the tree,
stan PristinğŸ˜š
  #NationalHaikuPoetryDay https://t.co/Arg0x3JwTe",
Cherry Blossoms,"We love the classic, spring color palette of this Cherry Blossoms editorial shoot! See all of the beautiful designâ€¦â€¦ https://t.co/fn2EFdr9Sg",https://twitter.com/i/web/status/854083475409965056
Cherry Blossoms,Wanna see myself loving spring day with cherry blossoms,
Cherry Blossoms,RT @NYBG: Daffodils and cherry blossoms are both at 80% of the way to peak bloomâ€”donâ€™t miss the opportunity to catch them this week! https:â€¦,
Cherry Blossoms,"RT @Real_James_Hogg: @amateursuman @brian_bilston A haikuing bard from Honshu
Tried writing a limerick too
  But after two lines
  His sensâ€¦",
Cherry Blossoms,"RT @buffalotrips: Cherry blossoms, Tokyo https://t.co/4pVlADjpFr",
Cherry Blossoms,"RT @torarelaxtime: @FlowerSree This picture is cherry blossoms in my townğŸŒ¸
Thank you too my friendğŸ˜ŠğŸµ https://t.co/vXkdVUlIs2",
Cherry Blossoms,"@amateursuman @brian_bilston A haikuing bard from Honshu
Tried writing a limerick too
  But after two lines
  His sâ€¦ https://t.co/TUYMVYRSOi",https://twitter.com/i/web/status/854083140717039619
Cherry Blossoms,"RT @lustrelegant: ""I want the cherry blossoms, love""

Ang cute magbaby talk ni Nadine, hindi nakakairita ğŸ™ˆğŸ’œ

 https://t.co/r3nWSKUzL1",https://twitter.com/closetjadinepls/status/853520427204751360/video/1
Cherry Blossoms,"RT @lilmissnaddie: ""I want the cherry blossoms, love"" - Nadine to James. 

NAPAKASPOILED NA NG NANAY NATIN JUSQ",
Cherry Blossoms,"except for them tbh like if cherry blossoms fell from the stage i would have just been ""kiss kiss fuck me UP""",
Cherry Blossoms,"RT @B_ODomhnallain: Amongst the green and pink
The dark gnarl of aged ash
Hulking quiet as if it waits
The fall of cherry blossoms
It willâ€¦",
Cherry Blossoms,"RT @SN_Simplicity: Beneath cherry blossoms..

#photography #nature
https://t.co/8VA54NMJXg https://t.co/EOhhAchfg9",https://goo.gl/hInHnn
Cherry Blossoms,RT @im_hyohan: #LeeJongSuk updated his IG and Weibo (featuring cherry blossoms) https://t.co/Fe4NscTTJY,
Cherry Blossoms,RT @AestheticsJapan: Falling Cherry Blossoms https://t.co/oaUIEClpMY,
Cherry Blossoms,Cherry Blossoms @ Branch Brook Park https://t.co/OossWQY3fb,https://www.instagram.com/p/BTAFdDIBqgE/
Cherry Blossoms,@warabitenten ;)  hopefully its created a lovely snowing of cherry blossoms all over you way to work. please haveva wonderful day,
Cherry Blossoms,"Approved for BEA (!), mom coming home from the hospital tomorrow, no coat today, reading The Princess Diarist, cherry blossoms #5goodthings",
Cherry Blossoms,"RT @takuya7jp: Cherry blossoms and rain drops.

#Fukuoka-castle #Japan https://t.co/Y1q6RstozV",
Cherry Blossoms,QUIZ: Which GOT7 Member Would Take You To See Cherry Blossoms?  https://t.co/eN8E2v78ih,https://www.soompi.com/2017/03/27/quiz-got7-member-take-see-cherry-blossoms/
Cherry Blossoms,RT @hoxeokie: i'm still not over how hoseok said that spring felt a lot like first love + he also asked yoongi to go see the cherry blossomâ€¦,
Cherry Blossoms,RT @SageModeJiraiya: Konoha Village + Cherry Blossoms https://t.co/IhsEOWZbWu,
Cherry Blossoms,RT @FulkersonWinery: Cherry blossoms look #amazing this year! #flxwine #FLX https://t.co/Eb5uREmQsE,
Cherry Blossoms,RT @tenwordspoem: â€œMy heart is fresh cherry blossoms falling in the river.â€,
Cherry Blossoms,"RT @Tokyonobo: On a hillside of a hill called Ohira-san, thereâ€™s a spot where cherry blossoms are beautiful. Pupils were enjoying cherry-blâ€¦",
Cherry Blossoms,RT @AestheticsJapan: Falling Cherry Blossoms https://t.co/oaUIEClpMY,
Cherry Blossoms,RT @AestheticsJapan: Cherry Blossoms ğŸŒ¸ https://t.co/u7bYZFFY8L,
Cherry Blossoms,"Saying goodbye to the cherry blossoms as they fall! ğŸ‘’
.
.
.
#timeoutseoul #hanami #sakuraâ€¦ https://t.co/CrTBTVgdZG",https://www.instagram.com/p/BTAE2jdlsFS/
Cherry Blossoms,"RT @GeriScullPhotos: New artwork for sale! - ""Robin and cherry blossoms"" - https://t.co/qJMwZvr9wF @fineartamerica https://t.co/bjj4yfg8jT",https://fineartamerica.com/featured/robin-and-cherry-blossoms-geraldine-scull.html
Cherry Blossoms,"Cherry Blossoms in Bonn, Germany https://t.co/jaFwEP3nXK",
Cherry Blossoms,RT @FIowerPics: cherry blossoms https://t.co/36oNQ7NK1E,
Cherry Blossoms,"RT @todomachuu: ğŸŒ¸âœ¨MEGAMI MONDAYYYY!!âœ¨ğŸŒ¸
Sakura Megamis are very smol, hang out in cherry blossoms and love to float around aimlessly! https:â€¦",
